<?xml version="1.0" encoding="utf-8"?>
<theme>
	<title>Tek tıkla hızlandır</title>
	<designer>Telefon koruyucusu</designer>
	<author>Telefon koruyucusu</author>
	<version>1</version>
	<frame>0</frame>
	<description><![CDATA[手机提速，一键释放内存]]></description>
	<uiVersion>12</uiVersion>
	<typeTag>theme_bind:com.miui.securitycenter</typeTag>
	<editable>false</editable>
	<titles>
		<title locale="tr_TR">
			<![CDATA[Tek tıkla hızlandır]]>
		</title>
	</titles>
	<descriptions>
		<description locale="tr_TR">
			<![CDATA[Telefonunuzu hızlandırın ve tek tıklamayla belleği boşaltın]]>
		</description>
	</descriptions>
	<authors>
		<author locale="tr_TR"><![CDATA[Telefon koruyucusu]]></author>
	</authors>
	<designers>
		<designer locale="tr_TR"><![CDATA[Telefon koruyucusu]]></designer>
	</designers>
</theme>