<?xml version="1.0" encoding="utf-8"?>
<theme>
	<title>Hava durumu</title>
	<designer>Hava durumu</designer>
	<author>Hava durumu</author>
	<version>1</version>
	<frame>0</frame>
	<description><![CDATA[Bir yer için gerçek zamanlı hava koşulları ve sıcaklık bilgilerini alın]]></description>
	<uiVersion>12</uiVersion>
	<typeTag>theme_bind:com.miui.weather2</typeTag>
	<editable>true</editable>
	<customEditLink>true</customEditLink>
	<resourceType>widgets</resourceType>
	<titles>
		<title locale="tr_TR"><![CDATA[Hava durumu]]></title>
	</titles>
	<descriptions>
		<description locale="tr_TR"><![CDATA[Bir yer için gerçek zamanlı hava koşulları ve sıcaklık bilgilerini alın]]></description>
	</descriptions>
	<authors>
		<author locale="tr_TR"><![CDATA[Hava durumu]]></author>
	</authors>
	<designers>
		<designer locale="tr_TR"><![CDATA[Hava durumu]]></designer>
	</designers>
</theme>