<?xml version="1.0" encoding="UTF-8" standalone="no"?>
<theme>
<version><![CDATA[30]]></version>
<uiVersion>12</uiVersion>
<author><![CDATA[Telefon koruyucusu]]></author>
<designer><![CDATA[Telefon koruyucusu]]></designer>
<title><![CDATA[Pil]]></title>
<description><![CDATA[Tüm cihazların pil seviyesini kontrol edin]]></description>
<typeTag>theme_bind:com.miui.securitycenter</typeTag>
<frame>0</frame>
<editable>false</editable>
<resourceType>widgets</resourceType>
<authors>
<author locale="tr_TR"><![CDATA[Güvenlik]]></author>
</authors>
<designers>
<designer locale="tr_TR"><![CDATA[Güvenlik]]></designer>
</designers>
<titles>
<title locale="tr_TR"><![CDATA[Pil]]></title>
</titles>
<descriptions>
<description locale="tr_TR"><![CDATA[Cihaz pil şarjı]]></description>
</descriptions>
</theme>
